model,cv_accuracy_mean,cv_f1_macro_mean,holdout_accuracy,holdout_precision_macro,holdout_recall_macro,holdout_f1_macro,holdout_auc_ovr
Random Forest,0.9826086956521738,0.9681843497632971,1.0,1.0,1.0,1.0,1.0
Decision Tree,0.9782608695652174,0.9639168504138305,1.0,1.0,1.0,1.0,1.0
XGBoost (fallback: Gradient Boosting),0.9782608695652174,0.9639168504138305,1.0,1.0,1.0,1.0,1.0
Support Vector Machine,0.9476328502415459,0.9266682139971127,1.0,1.0,1.0,1.0,1.0
Logistic Regression,0.9605797101449275,0.9563541197075056,0.9782608695652174,0.9696969696969697,0.9895833333333334,0.9788359788359787,1.0
