component,explained_variance_ratio,cumulative_variance
PC1,0.7956596363175397,0.7956596363175397
PC2,0.13217897860903383,0.9278386149265735
PC3,0.06990807771228501,0.9977466926388585
PC4,0.002253307361141167,0.9999999999999997
PC5,2.4298213493540335e-16,0.9999999999999999
