feature,importance_mean
later_score,0.295657363769658
early_score,0.20152719480052586
assessment_consistency,0.16419743304841675
mock_to_diagnostic_gap,0.09668000437030018
mock_boards,0.08291101421550527
diagnostic,0.07633980791938978
pre_test,0.04298899886900371
progress_evaluation,0.034352400256731086
improvement_index,0.004618047707401394
post_test,0.000727735043067838
